{
  "project_info": {
    "project_number": "795231921763",
    "firebase_url": "https://cs4518-final-project-2f6ed.firebaseio.com",
    "project_id": "cs4518-final-project-2f6ed",
    "storage_bucket": "cs4518-final-project-2f6ed.appspot.com"
  },
  "client": [
    {
      "client_info": {
        "mobilesdk_app_id": "1:795231921763:android:fe226a12f86a76aab1fa56",
        "android_client_info": {
          "package_name": "com.example.myapplication"
        }
      },
      "oauth_client": [
        {
          "client_id": "795231921763-8mli5g1kf5jqhm0bmunlfm2135umgqnj.apps.googleusercontent.com",
          "client_type": 3
        }
      ],
      "api_key": [
        {
          "current_key": "AIzaSyCn9q29i2Augp68oG-sSR3PcW9XJdRepH0"
        }
      ],
      "services": {
        "appinvite_service": {
          "other_platform_oauth_client": [
            {
              "client_id": "795231921763-8mli5g1kf5jqhm0bmunlfm2135umgqnj.apps.googleusercontent.com",
              "client_type": 3
            }
          ]
        }
      }
    }
  ],
  "configuration_version": "1"
}